id,edition_label,display_name,membership,material,object_type,evidence_json,review_status,transcription
BYB-A,a,,reported_core,stone,stele,"[{""fields"": [""edition_label"", ""material"", ""object_type"", ""membership""], ""locator"": ""Corpus of the pseudo-hieroglyphic inscriptions of Byblos"", ""source_id"": ""mnamon-merlo""}, {""fields"": [""dimensions_mm"", ""discovery_context""], ""locator"": ""p. 1"", ""source_id"": ""dunand-1930""}]",unreviewed,
BYB-B,b,,reported_core,bronze,spatula,"[{""fields"": [""edition_label"", ""material"", ""object_type"", ""membership""], ""locator"": ""Corpus of the pseudo-hieroglyphic inscriptions of Byblos"", ""source_id"": ""mnamon-merlo""}]",unreviewed,
BYB-C,c,,reported_core,bronze,tablet,"[{""fields"": [""edition_label"", ""material"", ""object_type"", ""membership""], ""locator"": ""Corpus of the pseudo-hieroglyphic inscriptions of Byblos"", ""source_id"": ""mnamon-merlo""}]",unreviewed,
BYB-CAND-BALUA,,Balu'a stele,disputed,basalt,stele,"[{""fields"": [""display_name"", ""object_type"", ""membership"", ""material""], ""locator"": ""caption and labelled example"", ""source_id"": ""ocbi-plate-z_a""}]",unreviewed,
BYB-CAND-CYLINDER-2004,,Cylinder seal published by Garbini and colleagues,disputed,,cylinder_seal,"[{""fields"": [""display_name"", ""object_type"", ""membership"", ""membership_note""], ""locator"": ""p. 89, fig. 21"", ""source_id"": ""vita-zamora-2018""}]",unreviewed,
BYB-CAND-DEIR-RIFA,,Deir Rifa seal-amulet,disputed,,seal_amulet,"[{""fields"": [""display_name"", ""object_type"", ""membership""], ""locator"": ""caption and labelled example"", ""source_id"": ""ocbi-plate-z_d""}]",unreviewed,
BYB-CAND-KAHUN,,Kahun object with proposed writing,disputed,,inscribed_object,"[{""fields"": [""display_name"", ""object_type"", ""membership""], ""locator"": ""caption and labelled example"", ""source_id"": ""ocbi-plate-z_c""}]",unreviewed,
BYB-CAND-LAMP-1,,Egyptian lamp inscription 1,disputed,,lamp,"[{""fields"": [""display_name"", ""object_type"", ""membership"", ""membership_note""], ""locator"": ""p. 88, fig. 20d"", ""source_id"": ""vita-zamora-2018""}]",unreviewed,
BYB-CAND-LAMP-2,,Egyptian lamp inscription 2,disputed,,lamp,"[{""fields"": [""display_name"", ""object_type"", ""membership"", ""membership_note""], ""locator"": ""p. 88, fig. 20e"", ""source_id"": ""vita-zamora-2018""}]",unreviewed,
BYB-CAND-LAMP-3,,Egyptian lamp inscription 3,disputed,,lamp,"[{""fields"": [""display_name"", ""object_type"", ""membership"", ""membership_note""], ""locator"": ""p. 88, fig. 20f"", ""source_id"": ""vita-zamora-2018""}]",unreviewed,
BYB-CAND-LINEAR-STELA,,Linear pseudo-hieroglyphic block,disputed,limestone,block,"[{""fields"": [""display_name"", ""object_type"", ""membership"", ""membership_note"", ""material""], ""locator"": ""pp. 85–86, fig. 16"", ""source_id"": ""vita-zamora-2018""}]",unreviewed,
BYB-CAND-MEGIDDO-RING,,Megiddo ring,disputed,,ring,"[{""fields"": [""display_name"", ""object_type"", ""membership"", ""membership_note""], ""locator"": ""p. 88, fig. 20a; n. 7"", ""source_id"": ""vita-zamora-2018""}]",unreviewed,
BYB-CAND-PALIMPSEST-KAI1,,Ahirom inscription underlying layer,disputed,,sarcophagus,"[{""fields"": [""display_name"", ""object_type"", ""membership"", ""membership_note""], ""locator"": ""p. 88, fig. 19 and n. 6"", ""source_id"": ""vita-zamora-2018""}]",unreviewed,
BYB-CAND-PALIMPSEST-KAI3,,Spatula associated with KAI 3,disputed,bronze,spatula,"[{""fields"": [""display_name"", ""object_type"", ""membership"", ""membership_note"", ""material""], ""locator"": ""pp. 86–87, fig. 17"", ""source_id"": ""vita-zamora-2018""}]",unreviewed,
BYB-CAND-PALIMPSEST-KAI4,,Yehimilk inscription underlying layer,disputed,,block,"[{""fields"": [""display_name"", ""object_type"", ""membership"", ""membership_note""], ""locator"": ""pp. 87–88, fig. 18"", ""source_id"": ""vita-zamora-2018""}]",unreviewed,
BYB-CAND-RIETI,,Rieti votive object,disputed,terracotta,votive_object,"[{""fields"": [""display_name"", ""object_type"", ""membership"", ""material""], ""locator"": ""caption and labelled example"", ""source_id"": ""ocbi-plate-s""}]",unreviewed,
BYB-CAND-SCARABOID,,Scaraboid seal of unknown origin,disputed,,seal,"[{""fields"": [""display_name"", ""object_type"", ""membership"", ""membership_note""], ""locator"": ""p. 88, fig. 20g"", ""source_id"": ""vita-zamora-2018""}]",unreviewed,
BYB-CAND-SINAI-526,,Sinai inscription 526,disputed,,inscription,"[{""fields"": [""display_name"", ""object_type"", ""membership"", ""membership_note""], ""locator"": ""p. 88, fig. 20b"", ""source_id"": ""vita-zamora-2018""}]",unreviewed,
BYB-CAND-STONE-SEAL-2010,,Stone seal discussed by Colless,disputed,,seal,"[{""fields"": [""display_name"", ""object_type"", ""membership""], ""locator"": ""caption and labelled example"", ""source_id"": ""ocbi-plate-z""}]",unreviewed,
BYB-CAND-TEL-HALIF,,Tel Halif jar handle,disputed,clay,jar_handle,"[{""fields"": [""display_name"", ""object_type"", ""membership"", ""material""], ""locator"": ""caption and labelled example"", ""source_id"": ""ocbi-plate-v""}]",unreviewed,
BYB-CAND-TELL-JISR,,Tell Jisr sherd,disputed,clay,sherd,"[{""fields"": [""display_name"", ""object_type"", ""membership"", ""material""], ""locator"": ""caption and labelled example"", ""source_id"": ""ocbi-plate-w""}]",unreviewed,
BYB-CAND-THEBES-OSTRACON,,Thebes ostracon,disputed,,ostracon,"[{""fields"": [""display_name"", ""object_type"", ""membership"", ""membership_note""], ""locator"": ""p. 88, fig. 20c"", ""source_id"": ""vita-zamora-2018""}]",unreviewed,
BYB-CAND-TRIESTE,,Trieste plaque,disputed,clay,plaque,"[{""fields"": [""display_name"", ""object_type"", ""membership"", ""membership_note"", ""material""], ""locator"": ""p. 88, fig. 20h"", ""source_id"": ""vita-zamora-2018""}]",unreviewed,
BYB-CAND-ULUBURUN,,Uluburun writing-board marks,disputed,wood,writing_board,"[{""fields"": [""display_name"", ""object_type"", ""membership"", ""material""], ""locator"": ""caption and labelled example"", ""source_id"": ""ocbi-plate-x""}]",unreviewed,
BYB-CAND-UMM-O3A,,Schwartz O-3a example,disputed,,inscribed_object,"[{""fields"": [""display_name"", ""object_type"", ""membership""], ""locator"": ""caption and labelled example"", ""source_id"": ""ocbi-plate-z_b""}]",unreviewed,
BYB-CAND-UMM-O3B,,Schwartz O-3b example,disputed,,inscribed_object,"[{""fields"": [""display_name"", ""object_type"", ""membership""], ""locator"": ""caption and labelled example"", ""source_id"": ""ocbi-plate-z_b""}]",unreviewed,
BYB-CAND-UMM-O3C,,Schwartz O-3c example,disputed,,inscribed_object,"[{""fields"": [""display_name"", ""object_type"", ""membership""], ""locator"": ""caption and labelled example"", ""source_id"": ""ocbi-plate-z_b""}]",unreviewed,
BYB-D,d,,reported_core,bronze,tablet,"[{""fields"": [""edition_label"", ""material"", ""object_type"", ""membership""], ""locator"": ""Corpus of the pseudo-hieroglyphic inscriptions of Byblos"", ""source_id"": ""mnamon-merlo""}]",unreviewed,
BYB-E,e,,reported_core,bronze,spatula,"[{""fields"": [""edition_label"", ""material"", ""object_type"", ""membership""], ""locator"": ""Corpus of the pseudo-hieroglyphic inscriptions of Byblos"", ""source_id"": ""mnamon-merlo""}]",unreviewed,
BYB-F,f,,reported_core,bronze,spatula,"[{""fields"": [""edition_label"", ""material"", ""object_type"", ""membership""], ""locator"": ""Corpus of the pseudo-hieroglyphic inscriptions of Byblos"", ""source_id"": ""mnamon-merlo""}]",unreviewed,
BYB-G,g,,reported_core,stone,stele,"[{""fields"": [""edition_label"", ""material"", ""object_type"", ""membership""], ""locator"": ""Corpus of the pseudo-hieroglyphic inscriptions of Byblos"", ""source_id"": ""mnamon-merlo""}]",unreviewed,
BYB-H,h,,reported_core,stone,fragment,"[{""fields"": [""edition_label"", ""material"", ""object_type"", ""membership""], ""locator"": ""Corpus of the pseudo-hieroglyphic inscriptions of Byblos"", ""source_id"": ""mnamon-merlo""}]",unreviewed,
BYB-I,i,,reported_core,bronze,spatula,"[{""fields"": [""edition_label"", ""material"", ""object_type"", ""membership""], ""locator"": ""Corpus of the pseudo-hieroglyphic inscriptions of Byblos"", ""source_id"": ""mnamon-merlo""}]",unreviewed,
BYB-J,j,,reported_core,stone,fragment,"[{""fields"": [""edition_label"", ""material"", ""object_type"", ""membership""], ""locator"": ""Corpus of the pseudo-hieroglyphic inscriptions of Byblos"", ""source_id"": ""mnamon-merlo""}]",unreviewed,
BYB-K,k,,reported_core,stone,slab_fragment,"[{""fields"": [""edition_label"", ""material"", ""object_type"", ""membership""], ""locator"": ""Corpus of the pseudo-hieroglyphic inscriptions of Byblos"", ""source_id"": ""mnamon-merlo""}]",unreviewed,
BYB-L,l,,reported_core,stone,slab_fragment,"[{""fields"": [""edition_label"", ""material"", ""object_type"", ""membership""], ""locator"": ""Corpus of the pseudo-hieroglyphic inscriptions of Byblos"", ""source_id"": ""mnamon-merlo""}]",unreviewed,
BYB-M,m,,reported_core,stone,slab_fragment,"[{""fields"": [""edition_label"", ""material"", ""object_type"", ""membership""], ""locator"": ""Corpus of the pseudo-hieroglyphic inscriptions of Byblos"", ""source_id"": ""mnamon-merlo""}]",unreviewed,
BYB-N,n,,reported_core,stone,slab_fragment,"[{""fields"": [""edition_label"", ""material"", ""object_type"", ""membership""], ""locator"": ""Corpus of the pseudo-hieroglyphic inscriptions of Byblos"", ""source_id"": ""mnamon-merlo""}]",unreviewed,
